<?xml version="1.0" encoding="UTF-8"?>

<beans xmlns="http://www.springframework.org/schema/beans"
	xmlns:xsi="http://www.w3.org/2001/XMLSchema-instance"
	xmlns:context="http://www.springframework.org/schema/context"
	xmlns:mvc="http://www.springframework.org/schema/mvc"
	xmlns:tx="http://www.springframework.org/schema/tx"
	xsi:schemaLocation="http://www.springframework.org/schema/mvc http://www.springframework.org/schema/mvc/spring-mvc.xsd
		http://www.springframework.org/schema/beans http://www.springframework.org/schema/beans/spring-beans.xsd
		http://www.springframework.org/schema/tx http://www.springframework.org/schema/tx/spring-tx-4.1.xsd
		http://www.springframework.org/schema/context http://www.springframework.org/schema/context/spring-context.xsd">
   <context:annotation-config/>
<context:component-scan base-package="com"/>
 <bean id="dataSource" class="org.springframework.jdbc.datasource.DriverManagerDataSource">
              <property name="driverClassName" value="oracle.jdbc.driver.OracleDriver" />
              <property name="url" value="jdbc:oracle:thin:@10.232.71.29:1521:INATP02" />
              <property name="username" value="Trng01" />
              <property name="password" value="welcome123$" />
       </bean>
 
 
<!--  <bean id="dataSource" class="org.springframework.jdbc.datasource.DriverManagerDataSource">  
<property name="driverClassName" value="org.apache.derby.jdbc.ClientDriver" />  
<property name="url" value="jdbc:derby://172.24.34.250:1527/QuizApp;create=true" />  
<property name="username" value="user" />  
<property name="password" value="pwd" />
</bean> -->
  <bean id="jdbcTemplate" class="org.springframework.jdbc.core.JdbcTemplate">  
	<property name="dataSource" ref="dataSource"></property>  
</bean>   
	
<!-- Common MetaData and Error -->
 <bean id="metaData" class="com.controller.MetaData" />
 <bean id="error" class="com.controller.Error" />

<!-- AttendedTest Model --> 	 
 <bean id="at_data" class="com.model.attendedTest.Data" />
 <bean id="at_resp" class="com.model.attendedTest.Response" />
 			
<bean id="ct_data" class="com.model.createdTest.Data" />
<bean id="ct_resp" class="com.model.createdTest.Response" />

<bean id="lib_data" class="com.model.library.Data" />
<bean id="lib_resp" class="com.model.library.Response" />

<bean id="q_data" class="com.model.question.Data" />
<bean id="q_resp" class="com.model.question.Response" />
 
<bean id="qr_data" class="com.model.questionReport.Data" />
<bean id="qr_resp" class="com.model.questionReport.Response" />
 
<bean id="tr_data" class="com.model.testReport.Data" />
<bean id="tr_resp" class="com.model.testReport.Response" />

<bean id="u_data" class="com.model.user.Data" />
<bean id="u_resp" class="com.model.user.Response" />
 <mvc:annotation-driven /> 
  <mvc:default-servlet-handler/>
 
</beans>